affinity_level,product_a_id,product_a_name,product_a_category,product_b_id,product_b_name,product_b_category,co_occurrence_count,support,confidence_A_to_B
product,P001214,Nimbus Nice,Toys,P001230,Orion Season,Toys,3,0.0001,0.1875
product,P001312,Harbor Group,Sports,P000091,Orion Involve,Books,2,0.0001,0.1818
product,P000093,NeoTech Peace,Sports,P000593,Willow Military,Books,2,0.0001,0.1667
product,P001775,Zenith Religious,Groceries,P000934,Orion Network,Pet Supplies,3,0.0001,0.1667
product,P000260,Harbor System,Groceries,P001336,Solace Section,Home & Kitchen,2,0.0001,0.1538
product,P000523,GreenLeaf Relate,Beauty,P001578,Pulse Sea,Pet Supplies,2,0.0001,0.1538
product,P000260,Harbor System,Groceries,P000547,Everest Region,Clothing,2,0.0001,0.1538
product,P000511,Nimbus Should,Clothing,P001841,Willow Local,Toys,2,0.0001,0.1538
product,P001076,Pulse Take,Automotive,P001200,Nimbus Us,Toys,2,0.0001,0.1538
product,P000250,Harbor Seek,Sports,P001638,Harbor Story,Home & Kitchen,2,0.0001,0.1429
product,P001884,Everest Type,Groceries,P000762,Everest Response,Clothing,2,0.0001,0.1429
product,P001037,Solace Growth,Home & Kitchen,P001481,Harbor Act,Beauty,2,0.0001,0.1429
product,P001432,Nimbus Camera,Automotive,P001107,Zenith Fly,Pet Supplies,2,0.0001,0.1333
product,P001743,Zenith Happy,Home & Kitchen,P001376,Harbor Few,Pet Supplies,2,0.0001,0.1333
product,P001089,NeoTech Person,Books,P001118,Willow Attorney,Sports,2,0.0001,0.1333
product,P000119,Pulse Order,Clothing,P001773,Orion Event,Groceries,2,0.0001,0.1333
product,P000725,Astra Into,Electronics,P001460,Solace Top,Pet Supplies,2,0.0001,0.1333
product,P001094,Astra Type,Groceries,P001374,Orion Particularly,Clothing,2,0.0001,0.1333
product,P000067,Acme Their,Books,P001156,Harbor Hear,Books,2,0.0001,0.1333
product,P000119,Pulse Order,Clothing,P001579,Willow Know,Automotive,2,0.0001,0.1333
product,P000792,Zenith Might,Sports,P000332,GreenLeaf Painting,Beauty,2,0.0001,0.1333
product,P001282,Solace Movie,Beauty,P001719,Zenith Natural,Home & Kitchen,2,0.0001,0.1333
product,P001978,Willow Imagine,Home & Kitchen,P001088,Everest Church,Beauty,2,0.0001,0.1333
product,P000173,Harbor Itself,Clothing,P000294,Zenith Recently,Automotive,2,0.0001,0.1333
product,P001089,NeoTech Person,Books,P001929,Willow Front,Books,2,0.0001,0.1333
product,P000792,Zenith Might,Sports,P000545,Pulse Understand,Sports,2,0.0001,0.1333
product,P001249,GreenLeaf Even,Books,P001334,Solace Personal,Beauty,3,0.0001,0.1304
product,P001030,Acme Figure,Home & Kitchen,P001344,Orion Second,Pet Supplies,3,0.0001,0.1304
product,P001843,Nimbus Near,Toys,P001795,Orion Focus,Home & Kitchen,2,0.0001,0.125
product,P000114,Zenith Create,Electronics,P000280,Zenith Cold,Groceries,2,0.0001,0.125
product,P000268,Willow Officer,Automotive,P001719,Zenith Natural,Home & Kitchen,2,0.0001,0.125
product,P000874,Acme American,Electronics,P001137,NeoTech More,Home & Kitchen,2,0.0001,0.125
product,P001702,Pulse Set,Beauty,P000767,Everest Family,Automotive,2,0.0001,0.125
product,P001878,Pulse Computer,Home & Kitchen,P000179,NeoTech Movement,Home & Kitchen,2,0.0001,0.125
product,P001897,Nimbus Expert,Beauty,P000887,Acme Democratic,Automotive,2,0.0001,0.125
product,P000234,NeoTech Fear,Electronics,P000395,Harbor Opportunity,Books,2,0.0001,0.125
product,P000976,Solace Billion,Automotive,P000237,Zenith Thus,Automotive,2,0.0001,0.125
product,P001204,NeoTech Plant,Automotive,P001107,Zenith Fly,Pet Supplies,2,0.0001,0.125
product,P001405,Solace Strong,Toys,P001292,Astra Measure,Automotive,2,0.0001,0.125
product,P000423,Everest Police,Pet Supplies,P001380,Harbor Free,Clothing,2,0.0001,0.125
product,P000268,Willow Officer,Automotive,P000809,GreenLeaf Carry,Clothing,2,0.0001,0.125
product,P001183,Nimbus Word,Electronics,P001984,Willow Eye,Books,2,0.0001,0.125
product,P000300,Astra May,Groceries,P001801,Harbor Wrong,Sports,2,0.0001,0.125
product,P000177,Astra Visit,Beauty,P001165,Willow Never,Groceries,2,0.0001,0.125
product,P000934,Orion Network,Pet Supplies,P001775,Zenith Religious,Groceries,3,0.0001,0.12
product,P001059,Harbor Third,Beauty,P001775,Zenith Religious,Groceries,2,0.0001,0.1176
product,P000514,Everest Despite,Home & Kitchen,P000053,Willow Item,Automotive,2,0.0001,0.1176
product,P001693,GreenLeaf Next,Books,P001543,Nimbus Attack,Beauty,2,0.0001,0.1176
product,P000532,Pulse Commercial,Clothing,P000434,NeoTech Anything,Toys,2,0.0001,0.1176
product,P000365,NeoTech In,Toys,P000165,Solace Difference,Electronics,2,0.0001,0.1176
product,P001324,GreenLeaf Approach,Groceries,P001203,Harbor Would,Home & Kitchen,2,0.0001,0.1176
product,P000911,Solace Bit,Books,P001717,Orion Society,Electronics,2,0.0001,0.1176
product,P000159,Nimbus Stock,Sports,P000438,Orion Pm,Home & Kitchen,2,0.0001,0.1176
product,P000023,Harbor Health,Groceries,P000730,Everest Miss,Automotive,2,0.0001,0.1176
product,P000271,Willow Include,Pet Supplies,P000691,GreenLeaf Concern,Groceries,2,0.0001,0.1176
product,P000452,Zenith Total,Books,P001595,Pulse Direction,Home & Kitchen,2,0.0001,0.1176
product,P000221,Nimbus Customer,Groceries,P001803,NeoTech Throughout,Beauty,2,0.0001,0.1176
product,P001626,Nimbus Out,Groceries,P001294,Solace But,Toys,2,0.0001,0.1176
product,P000743,Harbor Fill,Electronics,P000201,Willow Something,Toys,2,0.0001,0.1176
product,P001908,Nimbus Whose,Clothing,P001554,Astra Such,Pet Supplies,2,0.0001,0.1176
product,P001598,NeoTech Administration,Automotive,P001328,NeoTech Act,Toys,2,0.0001,0.1176
product,P000159,Nimbus Stock,Sports,P000372,Solace Particular,Pet Supplies,2,0.0001,0.1176
product,P000030,Willow Budget,Clothing,P000567,Orion Democrat,Home & Kitchen,2,0.0001,0.1176
product,P000672,Pulse Yeah,Automotive,P001839,Zenith Few,Sports,2,0.0001,0.1176
product,P000970,Acme Art,Pet Supplies,P001463,Harbor Doctor,Books,2,0.0001,0.1176
product,P000984,Pulse Possible,Home & Kitchen,P001566,Willow Entire,Groceries,2,0.0001,0.1176
product,P000295,NeoTech What,Pet Supplies,P001250,Harbor Thought,Toys,2,0.0001,0.1176
product,P001549,GreenLeaf Drive,Books,P001243,GreenLeaf Design,Sports,2,0.0001,0.1176
product,P001631,Acme Real,Sports,P001609,Nimbus Hold,Books,2,0.0001,0.1176
product,P000600,Solace Speak,Beauty,P001272,Willow Wall,Beauty,2,0.0001,0.1176
product,P001047,Pulse But,Pet Supplies,P000330,Orion Begin,Pet Supplies,2,0.0001,0.1176
product,P001272,Willow Wall,Beauty,P000600,Solace Speak,Beauty,2,0.0001,0.1176
product,P000033,Pulse Officer,Toys,P000120,Zenith White,Clothing,2,0.0001,0.1176
product,P000887,Acme Democratic,Automotive,P001897,Nimbus Expert,Beauty,2,0.0001,0.1176
product,P001638,Harbor Story,Home & Kitchen,P000250,Harbor Seek,Sports,2,0.0001,0.1176
product,P001323,GreenLeaf Analysis,Books,P000294,Zenith Recently,Automotive,2,0.0001,0.1176
product,P000972,Orion Style,Beauty,P000384,Nimbus Take,Automotive,2,0.0001,0.1111
product,P001510,GreenLeaf Reduce,Pet Supplies,P000870,Orion Thought,Clothing,2,0.0001,0.1111
product,P001993,Zenith Rise,Pet Supplies,P001187,Zenith Turn,Groceries,2,0.0001,0.1111
product,P001854,Astra Key,Sports,P001828,Willow Cost,Books,2,0.0001,0.1111
product,P000958,Pulse Five,Sports,P000111,GreenLeaf Bar,Clothing,2,0.0001,0.1111
product,P001380,Harbor Free,Clothing,P000423,Everest Police,Pet Supplies,2,0.0001,0.1111
product,P000696,Solace Glass,Automotive,P000678,Zenith Whole,Toys,2,0.0001,0.1111
product,P001017,Orion Late,Sports,P000653,Orion Coach,Electronics,2,0.0001,0.1111
product,P000834,Zenith Need,Electronics,P001329,Willow Mean,Sports,2,0.0001,0.1111
product,P000040,Acme Night,Home & Kitchen,P001373,Solace Make,Electronics,2,0.0001,0.1111
product,P001717,Orion Society,Electronics,P000911,Solace Bit,Books,2,0.0001,0.1111
product,P000802,Orion Stand,Clothing,P000655,Astra Strong,Beauty,2,0.0001,0.1111
product,P001372,Everest Summer,Beauty,P001260,Willow Add,Automotive,2,0.0001,0.1111
product,P000644,NeoTech Investment,Automotive,P001187,Zenith Turn,Groceries,2,0.0001,0.1111
product,P001450,Zenith Should,Clothing,P000294,Zenith Recently,Automotive,2,0.0001,0.1111
product,P001775,Zenith Religious,Groceries,P001059,Harbor Third,Beauty,2,0.0001,0.1111
product,P000712,GreenLeaf Window,Clothing,P000791,Pulse Piece,Books,2,0.0001,0.1111
product,P000681,Acme Keep,Electronics,P000932,Astra Last,Pet Supplies,2,0.0001,0.1111
product,P001795,Orion Focus,Home & Kitchen,P001843,Nimbus Near,Toys,2,0.0001,0.1111
product,P001380,Harbor Free,Clothing,P001728,Harbor Property,Books,2,0.0001,0.1111
product,P000441,Nimbus Significant,Sports,P001411,Astra Support,Clothing,2,0.0001,0.1111
product,P001657,Solace Table,Groceries,P000102,Pulse Surface,Groceries,2,0.0001,0.1111
product,P000712,GreenLeaf Window,Clothing,P000698,Everest Represent,Pet Supplies,2,0.0001,0.1111
product,P001650,Solace Suffer,Books,P001724,NeoTech Mind,Electronics,2,0.0001,0.1111
product,P000280,Zenith Cold,Groceries,P000114,Zenith Create,Electronics,2,0.0001,0.1111
product,P001463,Harbor Doctor,Books,P000970,Acme Art,Pet Supplies,2,0.0001,0.1111
product,P001717,Orion Society,Electronics,P001669,Solace Media,Toys,2,0.0001,0.1111
product,P001534,Zenith Trial,Beauty,P001600,Harbor Significant,Sports,2,0.0001,0.1111
product,P001657,Solace Table,Groceries,P001174,Zenith Wait,Sports,2,0.0001,0.1111
product,P001017,Orion Late,Sports,P001639,Everest Single,Clothing,2,0.0001,0.1111
product,P001344,Orion Second,Pet Supplies,P001030,Acme Figure,Home & Kitchen,3,0.0001,0.1071
product,P000652,Pulse Wait,Clothing,P000518,Willow Newspaper,Groceries,2,0.0001,0.1053
product,P001024,Astra Pull,Electronics,P001020,Acme Miss,Electronics,2,0.0001,0.1053
product,P001944,Nimbus East,Books,P001019,GreenLeaf Whatever,Toys,2,0.0001,0.1053
product,P001533,GreenLeaf Star,Beauty,P001112,Willow Sing,Groceries,2,0.0001,0.1053
product,P000791,Pulse Piece,Books,P000046,Pulse Project,Pet Supplies,2,0.0001,0.1053
product,P001373,Solace Make,Electronics,P000040,Acme Night,Home & Kitchen,2,0.0001,0.1053
product,P000314,Everest According,Books,P000340,Zenith Life,Groceries,2,0.0001,0.1053
product,P000297,Everest Deep,Automotive,P001350,Harbor Production,Clothing,2,0.0001,0.1053
product,P000165,Solace Difference,Electronics,P000365,NeoTech In,Toys,2,0.0001,0.1053
product,P001748,Solace Who,Toys,P001163,Everest Child,Home & Kitchen,2,0.0001,0.1053
product,P001138,Orion Push,Pet Supplies,P000599,Nimbus Analysis,Groceries,2,0.0001,0.1053
product,P000791,Pulse Piece,Books,P000712,GreenLeaf Window,Clothing,2,0.0001,0.1053
product,P001137,NeoTech More,Home & Kitchen,P000874,Acme American,Electronics,2,0.0001,0.1053
product,P001533,GreenLeaf Star,Beauty,P000180,Orion Upon,Home & Kitchen,2,0.0001,0.1053
product,P001828,Willow Cost,Books,P000248,Solace Street,Beauty,2,0.0001,0.1053
product,P000933,Pulse Attention,Sports,P000390,Acme Coach,Groceries,2,0.0001,0.1053
product,P000791,Pulse Piece,Books,P001654,GreenLeaf Eye,Sports,2,0.0001,0.1053
product,P000136,Zenith Phone,Electronics,P001928,Everest Coach,Beauty,2,0.0001,0.1053
product,P001653,Nimbus Control,Electronics,P000171,Astra Protect,Toys,2,0.0001,0.1053
product,P000652,Pulse Wait,Clothing,P000774,Harbor Think,Clothing,2,0.0001,0.1053
product,P000317,Zenith International,Home & Kitchen,P001963,Orion Give,Clothing,2,0.0001,0.1053
product,P001828,Willow Cost,Books,P001854,Astra Key,Sports,2,0.0001,0.1053
product,P000165,Solace Difference,Electronics,P000334,Pulse Something,Pet Supplies,2,0.0001,0.1053
product,P000377,GreenLeaf Eat,Toys,P000133,Solace Team,Pet Supplies,2,0.0001,0.1053
product,P001012,Acme Him,Electronics,P001231,Solace All,Sports,2,0.0001,0.1053
product,P001360,GreenLeaf Say,Pet Supplies,P001169,Solace Education,Sports,2,0.0001,0.1053
product,P000518,Willow Newspaper,Groceries,P000652,Pulse Wait,Clothing,2,0.0001,0.1053
product,P001067,GreenLeaf More,Sports,P001421,Astra Mean,Electronics,2,0.0001,0.1053
product,P000297,Everest Deep,Automotive,P001462,Zenith Happy,Electronics,2,0.0001,0.1053
product,P000406,NeoTech Provide,Sports,P001002,Harbor Night,Clothing,2,0.0001,0.1053
product,P000769,Orion Above,Electronics,P001196,Orion Near,Home & Kitchen,2,0.0001,0.1053
product,P001734,Astra About,Home & Kitchen,P001642,Acme Design,Groceries,2,0.0001,0.1053
product,P000214,Everest Even,Home & Kitchen,P001540,Harbor Whom,Automotive,2,0.0001,0.1053
product,P000297,Everest Deep,Automotive,P000249,NeoTech Husband,Books,2,0.0001,0.1053
product,P000628,Astra Small,Electronics,P001466,Orion Fund,Beauty,2,0.0001,0.1053
product,P000183,Orion Like,Groceries,P001705,Astra Marriage,Groceries,2,0.0001,0.1053
product,P000708,Nimbus Under,Beauty,P001406,Acme Far,Books,2,0.0001,0.1053
product,P001451,Solace Know,Automotive,P000606,Everest Since,Clothing,2,0.0001,0.1053
product,P001332,Orion Moment,Books,P000651,Solace Option,Automotive,2,0.0001,0.1053
product,P001383,Everest Professional,Groceries,P000549,Zenith History,Books,2,0.0001,0.1053
product,P000126,Willow Arm,Sports,P000525,GreenLeaf According,Books,2,0.0001,0.1053
product,P000471,NeoTech While,Sports,P000953,Everest Century,Sports,2,0.0001,0.1053
product,P001828,Willow Cost,Books,P001881,Acme Support,Books,2,0.0001,0.1053
product,P001691,Everest Stop,Automotive,P001644,Acme Field,Beauty,2,0.0001,0.1053
product,P000411,Acme Common,Pet Supplies,P000249,NeoTech Husband,Books,2,0.0001,0.1053
product,P001230,Orion Season,Toys,P001214,Nimbus Nice,Toys,3,0.0001,0.1034
product,P001334,Solace Personal,Beauty,P001249,GreenLeaf Even,Books,3,0.0001,0.1034
product,P000264,Acme Account,Electronics,P001687,Orion Painting,Pet Supplies,2,0.0001,0.1
product,P000895,Harbor Risk,Groceries,P000272,Nimbus Process,Electronics,2,0.0001,0.1
product,P001929,Willow Front,Books,P001089,NeoTech Person,Books,2,0.0001,0.1
product,P001123,NeoTech May,Groceries,P000063,Pulse Eight,Groceries,2,0.0001,0.1
product,P000201,Willow Something,Toys,P001771,GreenLeaf Guess,Sports,2,0.0001,0.1
product,P001411,Astra Support,Clothing,P000441,Nimbus Significant,Sports,2,0.0001,0.1
product,P000081,Zenith Great,Toys,P000677,Astra Cost,Pet Supplies,2,0.0001,0.1
product,P001015,Pulse Seem,Beauty,P001401,Astra Reveal,Books,2,0.0001,0.1
product,P001166,Solace Peace,Sports,P000045,Nimbus Wrong,Automotive,2,0.0001,0.1
product,P000566,Nimbus Himself,Home & Kitchen,P001330,NeoTech Hair,Pet Supplies,2,0.0001,0.1
product,P000041,Harbor Recent,Books,P000512,Nimbus Knowledge,Sports,2,0.0001,0.1
product,P001256,Astra Who,Books,P001511,GreenLeaf Push,Books,2,0.0001,0.1
product,P000041,Harbor Recent,Books,P001705,Astra Marriage,Groceries,2,0.0001,0.1
product,P001376,Harbor Few,Pet Supplies,P001743,Zenith Happy,Home & Kitchen,2,0.0001,0.1
product,P001429,Acme Blood,Groceries,P001227,GreenLeaf System,Electronics,2,0.0001,0.1
product,P000858,Harbor City,Clothing,P000812,Solace Time,Groceries,2,0.0001,0.1
product,P000269,Zenith Clear,Pet Supplies,P000655,Astra Strong,Beauty,2,0.0001,0.1
product,P000559,Zenith Hope,Sports,P001680,Willow Full,Automotive,2,0.0001,0.1
product,P001680,Willow Full,Automotive,P000559,Zenith Hope,Sports,2,0.0001,0.1
product,P000272,Nimbus Process,Electronics,P000760,Zenith North,Beauty,2,0.0001,0.1
product,P001015,Pulse Seem,Beauty,P000074,Willow Week,Toys,2,0.0001,0.1
product,P000272,Nimbus Process,Electronics,P000895,Harbor Risk,Groceries,2,0.0001,0.1
product,P001724,NeoTech Mind,Electronics,P001650,Solace Suffer,Books,2,0.0001,0.1
product,P000359,Zenith Citizen,Pet Supplies,P001212,Harbor Be,Clothing,2,0.0001,0.1
product,P000116,Acme Stock,Home & Kitchen,P001191,Pulse Direction,Toys,2,0.0001,0.1
product,P001531,Pulse Race,Pet Supplies,P000574,Astra Computer,Beauty,2,0.0001,0.1
product,P001384,Pulse Few,Clothing,P000955,Solace So,Sports,2,0.0001,0.1
product,P000840,Harbor Probably,Automotive,P000339,Nimbus Memory,Pet Supplies,2,0.0001,0.1
product,P000458,Everest Black,Electronics,P000461,Nimbus Family,Electronics,2,0.0001,0.1
product,P000201,Willow Something,Toys,P000743,Harbor Fill,Electronics,2,0.0001,0.1
product,P000470,Zenith Gas,Pet Supplies,P000434,NeoTech Anything,Toys,2,0.0001,0.1
product,P001689,Willow Condition,Sports,P000836,NeoTech Develop,Books,2,0.0001,0.1
product,P000922,Pulse Goal,Home & Kitchen,P001169,Solace Education,Sports,2,0.0001,0.1
product,P001147,Orion Position,Home & Kitchen,P001789,Willow Wall,Automotive,2,0.0001,0.1
product,P001595,Pulse Direction,Home & Kitchen,P000452,Zenith Total,Books,2,0.0001,0.1
product,P000076,Nimbus Test,Beauty,P001945,Astra Future,Pet Supplies,2,0.0001,0.1
product,P001318,Orion Skill,Beauty,P000777,NeoTech Eye,Pet Supplies,2,0.0001,0.1
product,P001774,Astra Take,Groceries,P000829,Harbor Art,Beauty,2,0.0001,0.1
product,P001374,Orion Particularly,Clothing,P001094,Astra Type,Groceries,2,0.0001,0.1
product,P000651,Solace Option,Automotive,P001332,Orion Moment,Books,2,0.0001,0.1
product,P001933,Zenith Live,Pet Supplies,P000777,NeoTech Eye,Pet Supplies,2,0.0001,0.1
product,P001509,Everest Reach,Beauty,P000034,Everest Figure,Automotive,2,0.0001,0.1
product,P001937,Pulse Reveal,Beauty,P000960,Acme South,Groceries,2,0.0001,0.1
product,P001337,NeoTech Occur,Toys,P001488,Zenith Like,Books,2,0.0001,0.1
product,P000085,Astra Make,Automotive,P000827,Willow Cell,Books,2,0.0001,0.1
product,P000729,Orion View,Clothing,P001760,Everest Fast,Toys,2,0.0001,0.1
product,P001979,NeoTech Our,Electronics,P001801,Harbor Wrong,Sports,2,0.0001,0.1
product,P000575,Pulse Or,Automotive,P001552,Nimbus Key,Automotive,2,0.0001,0.1
product,P001384,Pulse Few,Clothing,P001786,Astra Expect,Sports,2,0.0001,0.1
product,P000729,Orion View,Clothing,P000902,GreenLeaf Card,Pet Supplies,2,0.0001,0.1
product,P001494,NeoTech Often,Books,P001608,Orion Whatever,Books,2,0.0001,0.1
product,P001728,Harbor Property,Books,P001380,Harbor Free,Clothing,2,0.0001,0.1
product,P001411,Astra Support,Clothing,P001731,GreenLeaf Glass,Electronics,2,0.0001,0.1
product,P000079,Orion However,Pet Supplies,P000044,NeoTech Possible,Toys,2,0.0001,0.1
product,P001101,Harbor Another,Beauty,P000555,Acme Of,Electronics,2,0.0001,0.1
product,P000205,Pulse The,Toys,P001438,Zenith Word,Home & Kitchen,2,0.0001,0.1
product,P001438,Zenith Word,Home & Kitchen,P000205,Pulse The,Toys,2,0.0001,0.1
product,P000926,Zenith He,Home & Kitchen,P001577,Solace Small,Toys,2,0.0001,0.1
product,P000205,Pulse The,Toys,P000467,Orion Debate,Electronics,2,0.0001,0.1
product,P000929,Nimbus Learn,Beauty,P000304,Willow Site,Clothing,2,0.0001,0.1
product,P001718,Acme Brother,Groceries,P000479,Astra Hospital,Pet Supplies,2,0.0001,0.1
product,P001160,Everest Compare,Sports,P000923,NeoTech Change,Groceries,2,0.0001,0.1
product,P000886,Pulse Sea,Automotive,P000801,Everest Voice,Pet Supplies,2,0.0001,0.0952
product,P000028,Astra Road,Automotive,P001192,Pulse Street,Home & Kitchen,2,0.0001,0.0952
product,P000567,Orion Democrat,Home & Kitchen,P000030,Willow Budget,Clothing,2,0.0001,0.0952
product,P001552,Nimbus Key,Automotive,P000575,Pulse Or,Automotive,2,0.0001,0.0952
product,P001469,Orion Method,Clothing,P000800,Acme Whom,Pet Supplies,2,0.0001,0.0952
product,P000605,Zenith Dog,Clothing,P001473,Orion Former,Toys,2,0.0001,0.0952
product,P000831,Zenith Strong,Pet Supplies,P001193,Zenith Team,Pet Supplies,2,0.0001,0.0952
product,P001469,Orion Method,Clothing,P001315,Everest Well,Books,2,0.0001,0.0952
product,P000249,NeoTech Husband,Books,P000411,Acme Common,Pet Supplies,2,0.0001,0.0952
product,P000597,Acme Consumer,Groceries,P001109,Acme So,Toys,2,0.0001,0.0952
product,P000580,Solace His,Beauty,P001967,Harbor Reach,Pet Supplies,2,0.0001,0.0952
product,P001167,Everest Stock,Sports,P001225,Orion Begin,Automotive,2,0.0001,0.0952
product,P001485,Pulse Lose,Electronics,P000560,Everest End,Toys,2,0.0001,0.0952
product,P001658,Harbor Agree,Clothing,P000731,Pulse Treat,Electronics,2,0.0001,0.0952
product,P000998,Acme Cause,Sports,P001025,Solace Policy,Sports,2,0.0001,0.0952
product,P001049,Zenith Their,Electronics,P000777,NeoTech Eye,Pet Supplies,2,0.0001,0.0952
product,P001468,NeoTech Town,Automotive,P000125,Orion Gas,Beauty,2,0.0001,0.0952
product,P001552,Nimbus Key,Automotive,P001617,Astra Plant,Automotive,2,0.0001,0.0952
product,P001696,Astra Woman,Clothing,P001617,Astra Plant,Automotive,2,0.0001,0.0952
product,P001520,Pulse Chair,Sports,P000761,Willow Perform,Pet Supplies,2,0.0001,0.0952
product,P000700,GreenLeaf Century,Clothing,P001426,Nimbus Attorney,Home & Kitchen,2,0.0001,0.0952
product,P001433,NeoTech My,Automotive,P001200,Nimbus Us,Toys,2,0.0001,0.0952
product,P000776,Pulse Study,Clothing,P000497,Acme Owner,Books,2,0.0001,0.0952
product,P000574,Astra Computer,Beauty,P001531,Pulse Race,Pet Supplies,2,0.0001,0.0952
product,P001385,Willow We,Automotive,P000996,Harbor Source,Clothing,2,0.0001,0.0952
product,P001690,Solace Professional,Sports,P000479,Astra Hospital,Pet Supplies,2,0.0001,0.0952
product,P001916,GreenLeaf Feel,Home & Kitchen,P001473,Orion Former,Toys,2,0.0001,0.0952
product,P001577,Solace Small,Toys,P000926,Zenith He,Home & Kitchen,2,0.0001,0.0952
product,P000334,Pulse Something,Pet Supplies,P000165,Solace Difference,Electronics,2,0.0001,0.0952
product,P001698,GreenLeaf Day,Clothing,P000540,Zenith Foreign,Automotive,2,0.0001,0.0952
product,P000376,Zenith Color,Automotive,P001771,GreenLeaf Guess,Sports,2,0.0001,0.0952
product,P000410,Nimbus Surface,Beauty,P001829,Harbor Point,Clothing,2,0.0001,0.0952
product,P001207,Zenith War,Beauty,P000893,Astra Worker,Pet Supplies,2,0.0001,0.0952
product,P000923,NeoTech Change,Groceries,P001160,Everest Compare,Sports,2,0.0001,0.0952
product,P001375,Astra Owner,Electronics,P001665,Astra Might,Toys,2,0.0001,0.0952
product,P000886,Pulse Sea,Automotive,P001029,Zenith Might,Groceries,2,0.0001,0.0952
product,P001600,Harbor Significant,Sports,P001534,Zenith Trial,Beauty,2,0.0001,0.0952
product,P000249,NeoTech Husband,Books,P000297,Everest Deep,Automotive,2,0.0001,0.0952
product,P000814,Solace Song,Electronics,P000497,Acme Owner,Books,2,0.0001,0.0952
product,P001577,Solace Small,Toys,P001955,Astra Remain,Beauty,2,0.0001,0.0952
product,P001600,Harbor Significant,Sports,P000509,NeoTech Throw,Electronics,2,0.0001,0.0952
product,P000831,Zenith Strong,Pet Supplies,P001144,GreenLeaf Know,Clothing,2,0.0001,0.0952
product,P000755,Nimbus Affect,Books,P000749,GreenLeaf Authority,Electronics,2,0.0001,0.0952
product,P000103,Harbor Two,Books,P000021,Willow Special,Electronics,2,0.0001,0.0952
product,P001020,Acme Miss,Electronics,P001024,Astra Pull,Electronics,2,0.0001,0.0952
product,P000979,Solace Per,Home & Kitchen,P000795,GreenLeaf News,Books,2,0.0001,0.0952
product,P001974,Astra Animal,Automotive,P000247,Solace Finish,Books,2,0.0001,0.0952
product,P000567,Orion Democrat,Home & Kitchen,P001782,Zenith Security,Clothing,2,0.0001,0.0952
product,P000812,Solace Time,Groceries,P000858,Harbor City,Clothing,2,0.0001,0.0952
product,P000031,Pulse The,Books,P000703,Everest It,Beauty,2,0.0001,0.0952
product,P000028,Astra Road,Automotive,P000942,Acme Memory,Clothing,2,0.0001,0.0952
product,P001350,Harbor Production,Clothing,P000297,Everest Deep,Automotive,2,0.0001,0.0952
product,P001520,Pulse Chair,Sports,P000417,Astra Lose,Beauty,2,0.0001,0.0952
product,P000812,Solace Time,Groceries,P000602,Nimbus Word,Toys,2,0.0001,0.0952
product,P001484,Astra Key,Electronics,P000589,Astra Next,Toys,2,0.0001,0.0952
product,P001520,Pulse Chair,Sports,P001611,Willow Benefit,Electronics,2,0.0001,0.0952
product,P001705,Astra Marriage,Groceries,P000183,Orion Like,Groceries,2,0.0001,0.0952
product,P001797,GreenLeaf Green,Automotive,P000750,Astra Leader,Beauty,2,0.0001,0.0952
product,P000750,Astra Leader,Beauty,P001797,GreenLeaf Green,Automotive,2,0.0001,0.0952
product,P001350,Harbor Production,Clothing,P000831,Zenith Strong,Pet Supplies,2,0.0001,0.0952
product,P000108,Willow Fall,Pet Supplies,P000289,NeoTech Position,Books,2,0.0001,0.0952
product,P001421,Astra Mean,Electronics,P001067,GreenLeaf More,Sports,2,0.0001,0.0952
product,P001437,Solace Hundred,Pet Supplies,P000007,Zenith School,Toys,2,0.0001,0.0952
product,P001670,NeoTech Outside,Beauty,P001821,Orion Off,Electronics,2,0.0001,0.0952
product,P000898,Zenith Although,Sports,P001989,GreenLeaf Major,Books,2,0.0001,0.0952
product,P001053,NeoTech Market,Beauty,P000654,Pulse Run,Toys,2,0.0001,0.0952
product,P000394,Acme Boy,Toys,P000815,Willow Leader,Home & Kitchen,2,0.0001,0.0952
product,P001317,Everest System,Home & Kitchen,P000388,GreenLeaf Discover,Clothing,2,0.0001,0.0952
product,P001705,Astra Marriage,Groceries,P000041,Harbor Recent,Books,2,0.0001,0.0952
product,P000567,Orion Democrat,Home & Kitchen,P000164,Astra Town,Books,2,0.0001,0.0952
product,P000831,Zenith Strong,Pet Supplies,P001350,Harbor Production,Clothing,2,0.0001,0.0952
product,P001110,Zenith Again,Toys,P000540,Zenith Foreign,Automotive,2,0.0001,0.0909
product,P001162,Zenith Price,Books,P000244,Everest Sell,Books,2,0.0001,0.0909
product,P000608,GreenLeaf Visit,Toys,P001806,Nimbus Focus,Pet Supplies,2,0.0001,0.0909
product,P001780,Pulse Voice,Pet Supplies,P001114,Pulse Start,Home & Kitchen,2,0.0001,0.0909
product,P001217,Everest Really,Beauty,P000152,Zenith Soon,Sports,2,0.0001,0.0909
product,P001109,Acme So,Toys,P001996,NeoTech Turn,Home & Kitchen,2,0.0001,0.0909
product,P001609,Nimbus Hold,Books,P001631,Acme Real,Sports,2,0.0001,0.0909
product,P000815,Willow Leader,Home & Kitchen,P000394,Acme Boy,Toys,2,0.0001,0.0909
product,P001996,NeoTech Turn,Home & Kitchen,P001109,Acme So,Toys,2,0.0001,0.0909
product,P001117,Astra Water,Automotive,P000621,Astra Daughter,Toys,2,0.0001,0.0909
product,P001824,Solace Foreign,Electronics,P000129,Willow Woman,Beauty,2,0.0001,0.0909
product,P001789,Willow Wall,Automotive,P001147,Orion Position,Home & Kitchen,2,0.0001,0.0909
product,P001336,Solace Section,Home & Kitchen,P000260,Harbor System,Groceries,2,0.0001,0.0909
product,P000467,Orion Debate,Electronics,P000205,Pulse The,Toys,2,0.0001,0.0909
product,P000005,Astra Capital,Home & Kitchen,P001063,GreenLeaf Happen,Groceries,2,0.0001,0.0909
product,P001928,Everest Coach,Beauty,P000136,Zenith Phone,Electronics,2,0.0001,0.0909
product,P001144,GreenLeaf Know,Clothing,P001248,GreenLeaf Happen,Electronics,2,0.0001,0.0909
product,P000306,Everest Air,Sports,P001975,Orion Mouth,Sports,2,0.0001,0.0909
product,P000306,Everest Air,Sports,P000646,Zenith Study,Books,2,0.0001,0.0909
product,P000870,Orion Thought,Clothing,P001510,GreenLeaf Reduce,Pet Supplies,2,0.0001,0.0909
product,P000289,NeoTech Position,Books,P000108,Willow Fall,Pet Supplies,2,0.0001,0.0909
product,P001963,Orion Give,Clothing,P000317,Zenith International,Home & Kitchen,2,0.0001,0.0909
product,P001659,Willow Group,Pet Supplies,P001462,Zenith Happy,Electronics,2,0.0001,0.0909
product,P001945,Astra Future,Pet Supplies,P000076,Nimbus Test,Beauty,2,0.0001,0.0909
product,P001212,Harbor Be,Clothing,P000359,Zenith Citizen,Pet Supplies,2,0.0001,0.0909
product,P000315,Acme Room,Electronics,P000192,Pulse Near,Electronics,2,0.0001,0.0909
product,P000698,Everest Represent,Pet Supplies,P000712,GreenLeaf Window,Clothing,2,0.0001,0.0909
product,P001587,Zenith Rich,Electronics,P000953,Everest Century,Sports,2,0.0001,0.0909
product,P000209,Zenith Within,Clothing,P000385,Willow Mouth,Electronics,2,0.0001,0.0909
product,P000903,Pulse Paper,Toys,P000433,NeoTech Ask,Pet Supplies,2,0.0001,0.0909
product,P000693,GreenLeaf Job,Groceries,P000654,Pulse Run,Toys,2,0.0001,0.0909
product,P001224,Harbor Last,Toys,P001036,Pulse Security,Electronics,2,0.0001,0.0909
product,P000450,Orion Take,Books,P000707,Astra Another,Toys,2,0.0001,0.0909
product,P000635,Acme Provide,Books,P001952,GreenLeaf Action,Beauty,2,0.0001,0.0909
product,P000815,Willow Leader,Home & Kitchen,P000179,NeoTech Movement,Home & Kitchen,2,0.0001,0.0909
product,P001085,Harbor Avoid,Groceries,P001883,Pulse Still,Pet Supplies,2,0.0001,0.0909
product,P001004,Acme Mention,Pet Supplies,P000592,Astra Receive,Electronics,2,0.0001,0.0909
product,P000372,Solace Particular,Pet Supplies,P000159,Nimbus Stock,Sports,2,0.0001,0.0909
product,P001591,Solace Scene,Clothing,P000440,Solace Think,Beauty,2,0.0001,0.0909
product,P001193,Zenith Team,Pet Supplies,P000760,Zenith North,Beauty,2,0.0001,0.0909
product,P000728,Solace Around,Beauty,P000515,Zenith Treatment,Toys,2,0.0001,0.0909
product,P000609,Zenith Nation,Books,P000731,Pulse Treat,Electronics,2,0.0001,0.0909
product,P001426,Nimbus Attorney,Home & Kitchen,P000700,GreenLeaf Century,Clothing,2,0.0001,0.0909
product,P000576,Zenith Air,Pet Supplies,P000111,GreenLeaf Bar,Clothing,2,0.0001,0.0909
product,P000766,Pulse Sell,Clothing,P000525,GreenLeaf According,Books,2,0.0001,0.0909
product,P001967,Harbor Reach,Pet Supplies,P000580,Solace His,Beauty,2,0.0001,0.0909
product,P001928,Everest Coach,Beauty,P000346,Pulse Third,Books,2,0.0001,0.0909
product,P001903,Everest Number,Beauty,P001154,Acme Two,Beauty,2,0.0001,0.0909
product,P000315,Acme Room,Electronics,P000120,Zenith White,Clothing,2,0.0001,0.0909
product,P001314,Orion Response,Beauty,P000233,Zenith Might,Sports,2,0.0001,0.0909
product,P000800,Acme Whom,Pet Supplies,P001469,Orion Method,Clothing,2,0.0001,0.0909
product,P001824,Solace Foreign,Electronics,P000715,Astra Style,Books,2,0.0001,0.0909
product,P001522,Harbor Draw,Toys,P000330,Orion Begin,Pet Supplies,2,0.0001,0.0909
product,P000372,Solace Particular,Pet Supplies,P000756,Solace Resource,Toys,2,0.0001,0.0909
product,P000703,Everest It,Beauty,P000031,Pulse The,Books,2,0.0001,0.0909
product,P001193,Zenith Team,Pet Supplies,P000831,Zenith Strong,Pet Supplies,2,0.0001,0.0909
product,P000766,Pulse Sell,Clothing,P000053,Willow Item,Automotive,2,0.0001,0.0909
product,P001109,Acme So,Toys,P001772,Acme Then,Clothing,2,0.0001,0.0909
product,P001397,Zenith Town,Electronics,P000164,Astra Town,Books,2,0.0001,0.0909
product,P000521,Orion Risk,Groceries,P001462,Zenith Happy,Electronics,2,0.0001,0.0909
product,P001865,Everest Mrs,Books,P000231,Zenith Behavior,Electronics,2,0.0001,0.0909
product,P000348,Acme Vote,Pet Supplies,P000389,Willow Charge,Automotive,2,0.0001,0.0909
product,P001490,Orion Total,Clothing,P000402,Solace Change,Clothing,2,0.0001,0.0909
product,P000402,Solace Change,Clothing,P001490,Orion Total,Clothing,2,0.0001,0.0909
product,P001100,Nimbus Investment,Sports,P001276,Harbor Forget,Clothing,2,0.0001,0.0909
product,P001109,Acme So,Toys,P000597,Acme Consumer,Groceries,2,0.0001,0.0909
product,P000844,NeoTech Second,Toys,P000938,GreenLeaf Remember,Books,2,0.0001,0.0909
product,P001110,Zenith Again,Toys,P001594,Pulse Worker,Clothing,2,0.0001,0.0909
product,P001163,Everest Child,Home & Kitchen,P001748,Solace Who,Toys,2,0.0001,0.0909
product,P001731,GreenLeaf Glass,Electronics,P001411,Astra Support,Clothing,2,0.0001,0.0909
product,P001443,Pulse Scene,Books,P000144,GreenLeaf Interview,Automotive,2,0.0001,0.0909
product,P000768,Harbor Wind,Pet Supplies,P000063,Pulse Eight,Groceries,2,0.0001,0.0909
product,P000815,Willow Leader,Home & Kitchen,P001802,Everest In,Toys,2,0.0001,0.0909
product,P000782,Harbor None,Pet Supplies,P001005,Acme Majority,Home & Kitchen,2,0.0001,0.0909
product,P001144,GreenLeaf Know,Clothing,P000831,Zenith Strong,Pet Supplies,2,0.0001,0.0909
product,P001697,NeoTech Member,Toys,P000417,Astra Lose,Beauty,2,0.0001,0.087
product,P000953,Everest Century,Sports,P000471,NeoTech While,Sports,2,0.0001,0.087
product,P001955,Astra Remain,Beauty,P001577,Solace Small,Toys,2,0.0001,0.087
product,P000925,Harbor Size,Books,P001505,NeoTech Score,Clothing,2,0.0001,0.087
product,P001253,Zenith Red,Books,P001111,Pulse Indeed,Beauty,2,0.0001,0.087
product,P001111,Pulse Indeed,Beauty,P001253,Zenith Red,Books,2,0.0001,0.087
product,P000593,Willow Military,Books,P000623,Pulse Pass,Books,2,0.0001,0.087
product,P000730,Everest Miss,Automotive,P000023,Harbor Health,Groceries,2,0.0001,0.087
product,P001566,Willow Entire,Groceries,P000984,Pulse Possible,Home & Kitchen,2,0.0001,0.087
product,P001704,NeoTech Property,Books,P001761,Everest Line,Home & Kitchen,2,0.0001,0.087
product,P000120,Zenith White,Clothing,P000315,Acme Room,Electronics,2,0.0001,0.087
product,P000403,Orion Film,Clothing,P001812,Zenith Partner,Automotive,2,0.0001,0.087
product,P001782,Zenith Security,Clothing,P000567,Orion Democrat,Home & Kitchen,2,0.0001,0.087
product,P001285,Zenith Wrong,Beauty,P001462,Zenith Happy,Electronics,2,0.0001,0.087
product,P000900,Pulse Real,Groceries,P000587,Zenith Friend,Books,2,0.0001,0.087
product,P001664,Willow Her,Toys,P001257,Nimbus Small,Automotive,2,0.0001,0.087
product,P000091,Orion Involve,Books,P001312,Harbor Group,Sports,2,0.0001,0.087
product,P001174,Zenith Wait,Sports,P001657,Solace Table,Groceries,2,0.0001,0.087
product,P000388,GreenLeaf Discover,Clothing,P001317,Everest System,Home & Kitchen,2,0.0001,0.087
product,P001799,Astra Protect,Groceries,P001018,Astra Yes,Automotive,2,0.0001,0.087
product,P000654,Pulse Run,Toys,P001053,NeoTech Market,Beauty,2,0.0001,0.087
product,P000083,Harbor Spring,Toys,P000941,Solace Across,Clothing,2,0.0001,0.087
product,P000924,Everest Table,Sports,P001784,Everest Beautiful,Sports,2,0.0001,0.087
product,P000034,Everest Figure,Automotive,P001509,Everest Reach,Beauty,2,0.0001,0.087
product,P001452,Harbor Significant,Home & Kitchen,P001169,Solace Education,Sports,2,0.0001,0.087
product,P001200,Nimbus Us,Toys,P001076,Pulse Take,Automotive,2,0.0001,0.087
product,P001473,Orion Former,Toys,P000605,Zenith Dog,Clothing,2,0.0001,0.087
product,P000599,Nimbus Analysis,Groceries,P000592,Astra Receive,Electronics,2,0.0001,0.087
product,P000953,Everest Century,Sports,P001587,Zenith Rich,Electronics,2,0.0001,0.087
product,P000756,Solace Resource,Toys,P000372,Solace Particular,Pet Supplies,2,0.0001,0.087
product,P001481,Harbor Act,Beauty,P001097,Astra Son,Sports,2,0.0001,0.087
product,P000654,Pulse Run,Toys,P000693,GreenLeaf Job,Groceries,2,0.0001,0.087
product,P000125,Orion Gas,Beauty,P000343,Acme Others,Home & Kitchen,2,0.0001,0.087
product,P001905,GreenLeaf Race,Groceries,P001022,GreenLeaf Save,Pet Supplies,2,0.0001,0.087
product,P001606,GreenLeaf Stage,Electronics,P001524,Zenith Along,Pet Supplies,2,0.0001,0.087
product,P000171,Astra Protect,Toys,P001653,Nimbus Control,Electronics,2,0.0001,0.087
product,P000125,Orion Gas,Beauty,P001468,NeoTech Town,Automotive,2,0.0001,0.087
product,P000283,Everest Image,Beauty,P001817,Harbor Not,Beauty,2,0.0001,0.087
product,P001821,Orion Off,Electronics,P001670,NeoTech Outside,Beauty,2,0.0001,0.087
product,P000715,Astra Style,Books,P001824,Solace Foreign,Electronics,2,0.0001,0.087
product,P000054,GreenLeaf Hair,Automotive,P000133,Solace Team,Pet Supplies,2,0.0001,0.087
product,P001771,GreenLeaf Guess,Sports,P000201,Willow Something,Toys,2,0.0001,0.087
product,P001704,NeoTech Property,Books,P000141,Harbor Since,Automotive,2,0.0001,0.087
product,P001019,GreenLeaf Whatever,Toys,P001944,Nimbus East,Books,2,0.0001,0.087
product,P000798,Solace Discover,Groceries,P001654,GreenLeaf Eye,Sports,2,0.0001,0.087
product,P001803,NeoTech Throughout,Beauty,P000221,Nimbus Customer,Groceries,2,0.0001,0.087
product,P000687,Everest Particularly,Sports,P001069,Nimbus Cost,Electronics,2,0.0001,0.087
product,P001771,GreenLeaf Guess,Sports,P000376,Zenith Color,Automotive,2,0.0001,0.087
product,P000505,Solace Future,Books,P001378,NeoTech Particular,Home & Kitchen,2,0.0001,0.087
product,P001378,NeoTech Particular,Home & Kitchen,P000505,Solace Future,Books,2,0.0001,0.087
product,P001296,Harbor Pick,Toys,P001173,Willow Reach,Electronics,2,0.0001,0.087
product,P000722,NeoTech Build,Clothing,P000939,Zenith Now,Pet Supplies,2,0.0001,0.087
product,P000969,Astra A,Toys,P001738,Nimbus Wish,Pet Supplies,2,0.0001,0.087
product,P001276,Harbor Forget,Clothing,P001100,Nimbus Investment,Sports,2,0.0001,0.087
product,P000798,Solace Discover,Groceries,P001665,Astra Might,Toys,2,0.0001,0.087
product,P000339,Nimbus Memory,Pet Supplies,P000840,Harbor Probably,Automotive,2,0.0001,0.087
product,P000996,Harbor Source,Clothing,P001385,Willow We,Automotive,2,0.0001,0.087
product,P000593,Willow Military,Books,P000093,NeoTech Peace,Sports,2,0.0001,0.087
product,P001473,Orion Former,Toys,P001916,GreenLeaf Feel,Home & Kitchen,2,0.0001,0.087
product,P001200,Nimbus Us,Toys,P001433,NeoTech My,Automotive,2,0.0001,0.087
product,P000599,Nimbus Analysis,Groceries,P001614,Solace Create,Clothing,2,0.0001,0.087
product,P001976,Orion Size,Beauty,P001883,Pulse Still,Pet Supplies,2,0.0001,0.087
product,P000120,Zenith White,Clothing,P000033,Pulse Officer,Toys,2,0.0001,0.087
product,P001077,Zenith Large,Clothing,P000237,Zenith Thus,Automotive,2,0.0001,0.087
product,P001030,Acme Figure,Home & Kitchen,P000225,GreenLeaf Newspaper,Electronics,2,0.0001,0.087
product,P000938,GreenLeaf Remember,Books,P000844,NeoTech Second,Toys,2,0.0001,0.087
product,P001481,Harbor Act,Beauty,P001543,Nimbus Attack,Beauty,2,0.0001,0.087
product,P000716,Acme Factor,Electronics,P001645,Nimbus Much,Sports,2,0.0001,0.087
product,P001422,Solace News,Automotive,P001796,Zenith Military,Pet Supplies,2,0.0001,0.087
product,P000291,Nimbus Goal,Books,P001315,Everest Well,Books,2,0.0001,0.087
product,P001803,NeoTech Throughout,Beauty,P001822,Orion Race,Automotive,2,0.0001,0.087
product,P001481,Harbor Act,Beauty,P001037,Solace Growth,Home & Kitchen,2,0.0001,0.087
product,P000868,Willow Eat,Beauty,P000816,Pulse Author,Toys,2,0.0001,0.087
product,P000599,Nimbus Analysis,Groceries,P001138,Orion Push,Pet Supplies,2,0.0001,0.087
product,P001249,GreenLeaf Even,Books,P001695,Pulse Look,Groceries,2,0.0001,0.087
product,P000653,Orion Coach,Electronics,P001017,Orion Late,Sports,2,0.0001,0.0833
product,P000197,Astra Brother,Pet Supplies,P000990,Orion Save,Automotive,2,0.0001,0.0833
product,P000439,GreenLeaf Need,Clothing,P001040,Willow Court,Beauty,2,0.0001,0.0833
product,P000990,Orion Save,Automotive,P000197,Astra Brother,Pet Supplies,2,0.0001,0.0833
product,P000225,GreenLeaf Newspaper,Electronics,P001030,Acme Figure,Home & Kitchen,2,0.0001,0.0833
product,P000112,Orion Surface,Sports,P001237,Solace Agree,Groceries,2,0.0001,0.0833
product,P001203,Harbor Would,Home & Kitchen,P001324,GreenLeaf Approach,Groceries,2,0.0001,0.0833
product,P000346,Pulse Third,Books,P001928,Everest Coach,Beauty,2,0.0001,0.0833
product,P001719,Zenith Natural,Home & Kitchen,P000268,Willow Officer,Automotive,2,0.0001,0.0833
product,P000525,GreenLeaf According,Books,P000126,Willow Arm,Sports,2,0.0001,0.0833
product,P000330,Orion Begin,Pet Supplies,P001522,Harbor Draw,Toys,2,0.0001,0.0833
product,P000749,GreenLeaf Authority,Electronics,P000755,Nimbus Affect,Books,2,0.0001,0.0833
product,P000547,Everest Region,Clothing,P000260,Harbor System,Groceries,2,0.0001,0.0833
product,P000197,Astra Brother,Pet Supplies,P001387,Harbor Success,Sports,2,0.0001,0.0833
product,P001953,Orion International,Electronics,P000385,Willow Mouth,Electronics,2,0.0001,0.0833
product,P000192,Pulse Near,Electronics,P000315,Acme Room,Electronics,2,0.0001,0.0833
product,P000795,GreenLeaf News,Books,P000979,Solace Per,Home & Kitchen,2,0.0001,0.0833
product,P000795,GreenLeaf News,Books,P001322,GreenLeaf Mr,Beauty,2,0.0001,0.0833
product,P001835,Everest Indicate,Pet Supplies,P001965,Orion Child,Pet Supplies,2,0.0001,0.0833
product,P000542,Everest Rock,Clothing,P001761,Everest Line,Home & Kitchen,2,0.0001,0.0833
product,P000909,Orion Head,Pet Supplies,P000549,Zenith History,Books,2,0.0001,0.0833
product,P001835,Everest Indicate,Pet Supplies,P000413,Solace Follow,Beauty,2,0.0001,0.0833
product,P001919,GreenLeaf Look,Beauty,P001458,NeoTech Leader,Automotive,2,0.0001,0.0833
product,P000129,Willow Woman,Beauty,P001824,Solace Foreign,Electronics,2,0.0001,0.0833
product,P000733,Nimbus Check,Beauty,P001266,NeoTech Participant,Home & Kitchen,2,0.0001,0.0833
product,P001736,GreenLeaf Reach,Groceries,P000340,Zenith Life,Groceries,2,0.0001,0.0833
product,P001105,Pulse A,Sports,P000263,Solace Most,Groceries,2,0.0001,0.0833
product,P001812,Zenith Partner,Automotive,P000403,Orion Film,Clothing,2,0.0001,0.0833
product,P001248,GreenLeaf Happen,Electronics,P001144,GreenLeaf Know,Clothing,2,0.0001,0.0833
product,P001235,Everest Manage,Groceries,P000061,Astra Fly,Automotive,2,0.0001,0.0833
product,P000303,Willow Note,Electronics,P000380,Solace Social,Home & Kitchen,2,0.0001,0.0833
product,P001154,Acme Two,Beauty,P001903,Everest Number,Beauty,2,0.0001,0.0833
product,P000623,Pulse Pass,Books,P000593,Willow Military,Books,2,0.0001,0.0833
product,P001196,Orion Near,Home & Kitchen,P000769,Orion Above,Electronics,2,0.0001,0.0833
product,P001495,Acme Soldier,Clothing,P000198,Orion Face,Electronics,2,0.0001,0.0833
product,P000330,Orion Begin,Pet Supplies,P001047,Pulse But,Pet Supplies,2,0.0001,0.0833
product,P001856,GreenLeaf Somebody,Toys,P001187,Zenith Turn,Groceries,2,0.0001,0.0833
product,P000648,Astra Federal,Pet Supplies,P000105,Acme Lead,Sports,2,0.0001,0.0833
product,P001025,Solace Policy,Sports,P000998,Acme Cause,Sports,2,0.0001,0.0833
product,P001786,Astra Expect,Sports,P001384,Pulse Few,Clothing,2,0.0001,0.0833
product,P001719,Zenith Natural,Home & Kitchen,P001282,Solace Movie,Beauty,2,0.0001,0.0833
product,P001290,Solace And,Clothing,P001114,Pulse Start,Home & Kitchen,2,0.0001,0.0833
product,P001881,Acme Support,Books,P001828,Willow Cost,Books,2,0.0001,0.0833
product,P001389,GreenLeaf Sea,Groceries,P001835,Everest Indicate,Pet Supplies,2,0.0001,0.0833
product,P000461,Nimbus Family,Electronics,P000458,Everest Black,Electronics,2,0.0001,0.0833
product,P001328,NeoTech Act,Toys,P001598,NeoTech Administration,Automotive,2,0.0001,0.0833
product,P000640,Zenith Rise,Automotive,P001034,Nimbus Imagine,Home & Kitchen,2,0.0001,0.0833
product,P001029,Zenith Might,Groceries,P000886,Pulse Sea,Automotive,2,0.0001,0.0833
product,P000854,GreenLeaf Plan,Automotive,P001275,Nimbus Bad,Toys,2,0.0001,0.0833
product,P001406,Acme Far,Books,P000708,Nimbus Under,Beauty,2,0.0001,0.0833
product,P001835,Everest Indicate,Pet Supplies,P001389,GreenLeaf Sea,Groceries,2,0.0001,0.0833
product,P000075,Everest Look,Automotive,P001149,Nimbus Military,Automotive,2,0.0001,0.0833
product,P001802,Everest In,Toys,P000815,Willow Leader,Home & Kitchen,2,0.0001,0.0833
product,P000809,GreenLeaf Carry,Clothing,P000268,Willow Officer,Automotive,2,0.0001,0.0833
product,P001069,Nimbus Cost,Electronics,P000687,Everest Particularly,Sports,2,0.0001,0.0833
product,P001005,Acme Majority,Home & Kitchen,P000782,Harbor None,Pet Supplies,2,0.0001,0.0833
product,P000836,NeoTech Develop,Books,P001689,Willow Condition,Sports,2,0.0001,0.0833
product,P000525,GreenLeaf According,Books,P000766,Pulse Sell,Clothing,2,0.0001,0.0833
product,P001403,Willow At,Sports,P001517,GreenLeaf Present,Clothing,2,0.0001,0.0833
product,P000606,Everest Since,Clothing,P001451,Solace Know,Automotive,2,0.0001,0.0833
product,P001403,Willow At,Sports,P000506,Harbor West,Sports,2,0.0001,0.0833
product,P001231,Solace All,Sports,P001012,Acme Him,Electronics,2,0.0001,0.08
product,P001474,Astra Write,Groceries,P000544,Orion Now,Clothing,2,0.0001,0.08
product,P001187,Zenith Turn,Groceries,P000644,NeoTech Investment,Automotive,2,0.0001,0.08
product,P001975,Orion Mouth,Sports,P000306,Everest Air,Sports,2,0.0001,0.08
product,P000389,Willow Charge,Automotive,P000348,Acme Vote,Pet Supplies,2,0.0001,0.08
product,P000438,Orion Pm,Home & Kitchen,P000159,Nimbus Stock,Sports,2,0.0001,0.08
product,P000706,Solace Situation,Home & Kitchen,P000507,Willow Beyond,Home & Kitchen,2,0.0001,0.08
product,P001761,Everest Line,Home & Kitchen,P001704,NeoTech Property,Books,2,0.0001,0.08
product,P000432,Harbor Develop,Pet Supplies,P001112,Willow Sing,Groceries,2,0.0001,0.08
product,P001187,Zenith Turn,Groceries,P001856,GreenLeaf Somebody,Toys,2,0.0001,0.08
product,P001308,Willow Turn,Sports,P001825,Solace People,Home & Kitchen,2,0.0001,0.08
product,P000878,Orion Thought,Books,P001097,Astra Son,Sports,2,0.0001,0.08
product,P000061,Astra Fly,Automotive,P001235,Everest Manage,Groceries,2,0.0001,0.08
product,P001642,Acme Design,Groceries,P001734,Astra About,Home & Kitchen,2,0.0001,0.08
product,P000021,Willow Special,Electronics,P000103,Harbor Two,Books,2,0.0001,0.08
product,P001617,Astra Plant,Automotive,P001552,Nimbus Key,Automotive,2,0.0001,0.08
product,P001351,GreenLeaf Billion,Pet Supplies,P001492,Nimbus Economic,Toys,2,0.0001,0.08
product,P001817,Harbor Not,Beauty,P000283,Everest Image,Beauty,2,0.0001,0.08
product,P001761,Everest Line,Home & Kitchen,P000542,Everest Rock,Clothing,2,0.0001,0.08
product,P001149,Nimbus Military,Automotive,P000075,Everest Look,Automotive,2,0.0001,0.08
product,P000942,Acme Memory,Clothing,P000028,Astra Road,Automotive,2,0.0001,0.08
product,P001829,Harbor Point,Clothing,P000410,Nimbus Surface,Beauty,2,0.0001,0.08
product,P001169,Solace Education,Sports,P001360,GreenLeaf Say,Pet Supplies,2,0.0001,0.08
product,P001104,Orion Vote,Toys,P001841,Willow Local,Toys,2,0.0001,0.08
product,P000893,Astra Worker,Pet Supplies,P001207,Zenith War,Beauty,2,0.0001,0.08
product,P001169,Solace Education,Sports,P000922,Pulse Goal,Home & Kitchen,2,0.0001,0.08
product,P001114,Pulse Start,Home & Kitchen,P001107,Zenith Fly,Pet Supplies,2,0.0001,0.08
product,P001243,GreenLeaf Design,Sports,P001549,GreenLeaf Drive,Books,2,0.0001,0.08
product,P001992,Astra Particularly,Electronics,P001772,Acme Then,Clothing,2,0.0001,0.08
product,P001169,Solace Education,Sports,P001452,Harbor Significant,Home & Kitchen,2,0.0001,0.08
product,P000714,Everest Economic,Groceries,P001842,Orion Kitchen,Books,2,0.0001,0.08
product,P001617,Astra Plant,Automotive,P001696,Astra Woman,Clothing,2,0.0001,0.08
product,P001026,Harbor Hospital,Clothing,P001002,Harbor Night,Clothing,2,0.0001,0.08
product,P000761,Willow Perform,Pet Supplies,P001520,Pulse Chair,Sports,2,0.0001,0.08
product,P001176,Orion Increase,Electronics,P000961,Solace Close,Automotive,2,0.0001,0.08
product,P000726,NeoTech Production,Clothing,P001701,Willow Executive,Electronics,2,0.0001,0.08
product,P000961,Solace Close,Automotive,P001176,Orion Increase,Electronics,2,0.0001,0.08
product,P000045,Nimbus Wrong,Automotive,P001166,Solace Peace,Sports,2,0.0001,0.08
product,P000707,Astra Another,Toys,P000450,Orion Take,Books,2,0.0001,0.08
product,P001608,Orion Whatever,Books,P001494,NeoTech Often,Books,2,0.0001,0.08
product,P001687,Orion Painting,Pet Supplies,P000264,Acme Account,Electronics,2,0.0001,0.08
product,P000544,Orion Now,Clothing,P001474,Astra Write,Groceries,2,0.0001,0.08
product,P001114,Pulse Start,Home & Kitchen,P001780,Pulse Voice,Pet Supplies,2,0.0001,0.08
product,P001187,Zenith Turn,Groceries,P001993,Zenith Rise,Pet Supplies,2,0.0001,0.08
product,P000385,Willow Mouth,Electronics,P001953,Orion International,Electronics,2,0.0001,0.08
product,P001951,Willow Perform,Pet Supplies,P001989,GreenLeaf Major,Books,2,0.0001,0.08
product,P000801,Everest Voice,Pet Supplies,P000886,Pulse Sea,Automotive,2,0.0001,0.08
product,P001114,Pulse Start,Home & Kitchen,P001290,Solace And,Clothing,2,0.0001,0.08
product,P000592,Astra Receive,Electronics,P000599,Nimbus Analysis,Groceries,2,0.0001,0.08
product,P000592,Astra Receive,Electronics,P001004,Acme Mention,Pet Supplies,2,0.0001,0.08
product,P000343,Acme Others,Home & Kitchen,P000125,Orion Gas,Beauty,2,0.0001,0.08
product,P001738,Nimbus Wish,Pet Supplies,P000969,Astra A,Toys,2,0.0001,0.08
product,P000389,Willow Charge,Automotive,P000775,Everest Real,Clothing,2,0.0001,0.08
product,P001900,NeoTech Guess,Electronics,P000820,Orion Get,Automotive,2,0.0001,0.08
product,P001448,Harbor Onto,Electronics,P001801,Harbor Wrong,Sports,2,0.0001,0.08
product,P000385,Willow Mouth,Electronics,P000209,Zenith Within,Clothing,2,0.0001,0.08
product,P000130,NeoTech Onto,Clothing,P001279,GreenLeaf Size,Toys,2,0.0001,0.08
product,P001594,Pulse Worker,Clothing,P001110,Zenith Again,Toys,2,0.0001,0.08
product,P000602,Nimbus Word,Toys,P000812,Solace Time,Groceries,2,0.0001,0.08
product,P001279,GreenLeaf Size,Toys,P000130,NeoTech Onto,Clothing,2,0.0001,0.08
product,P001191,Pulse Direction,Toys,P000116,Acme Stock,Home & Kitchen,2,0.0001,0.08
product,P001104,Orion Vote,Toys,P000649,Pulse Six,Toys,2,0.0001,0.08
product,P000434,NeoTech Anything,Toys,P000470,Zenith Gas,Pet Supplies,2,0.0001,0.0769
product,P000294,Zenith Recently,Automotive,P001323,GreenLeaf Analysis,Books,2,0.0001,0.0769
product,P001462,Zenith Happy,Electronics,P000297,Everest Deep,Automotive,2,0.0001,0.0769
product,P001462,Zenith Happy,Electronics,P001285,Zenith Wrong,Beauty,2,0.0001,0.0769
product,P000417,Astra Lose,Beauty,P001697,NeoTech Member,Toys,2,0.0001,0.0769
product,P001173,Willow Reach,Electronics,P001296,Harbor Pick,Toys,2,0.0001,0.0769
product,P000294,Zenith Recently,Automotive,P000173,Harbor Itself,Clothing,2,0.0001,0.0769
product,P001460,Solace Top,Pet Supplies,P001784,Everest Beautiful,Sports,2,0.0001,0.0769
product,P000829,Harbor Art,Beauty,P001774,Astra Take,Groceries,2,0.0001,0.0769
product,P001611,Willow Benefit,Electronics,P001520,Pulse Chair,Sports,2,0.0001,0.0769
product,P000332,GreenLeaf Painting,Beauty,P000792,Zenith Might,Sports,2,0.0001,0.0769
product,P001665,Astra Might,Toys,P001375,Astra Owner,Electronics,2,0.0001,0.0769
product,P001330,NeoTech Hair,Pet Supplies,P000566,Nimbus Himself,Home & Kitchen,2,0.0001,0.0769
product,P001825,Solace People,Home & Kitchen,P001308,Willow Turn,Sports,2,0.0001,0.0769
product,P001540,Harbor Whom,Automotive,P000214,Everest Even,Home & Kitchen,2,0.0001,0.0769
product,P000932,Astra Last,Pet Supplies,P000681,Acme Keep,Electronics,2,0.0001,0.0769
product,P000417,Astra Lose,Beauty,P001520,Pulse Chair,Sports,2,0.0001,0.0769
product,P001701,Willow Executive,Electronics,P000726,NeoTech Production,Clothing,2,0.0001,0.0769
product,P000775,Everest Real,Clothing,P000389,Willow Charge,Automotive,2,0.0001,0.0769
product,P001097,Astra Son,Sports,P000878,Orion Thought,Books,2,0.0001,0.0769
product,P000941,Solace Across,Clothing,P000083,Harbor Spring,Toys,2,0.0001,0.0769
product,P001579,Willow Know,Automotive,P000119,Pulse Order,Clothing,2,0.0001,0.0769
product,P000440,Solace Think,Beauty,P001591,Solace Scene,Clothing,2,0.0001,0.0769
product,P000965,Acme Off,Electronics,P000621,Astra Daughter,Toys,2,0.0001,0.0769
product,P000545,Pulse Understand,Sports,P000792,Zenith Might,Sports,2,0.0001,0.0769
product,P001097,Astra Son,Sports,P001481,Harbor Act,Beauty,2,0.0001,0.0769
product,P001364,Acme Modern,Books,P001883,Pulse Still,Pet Supplies,2,0.0001,0.0769
product,P000549,Zenith History,Books,P001383,Everest Professional,Groceries,2,0.0001,0.0769
product,P000063,Pulse Eight,Groceries,P000768,Harbor Wind,Pet Supplies,2,0.0001,0.0769
product,P000227,Solace Risk,Home & Kitchen,P001760,Everest Fast,Toys,2,0.0001,0.0769
product,P001579,Willow Know,Automotive,P001036,Pulse Security,Electronics,2,0.0001,0.0769
product,P000827,Willow Cell,Books,P000085,Astra Make,Automotive,2,0.0001,0.0769
product,P001358,Orion Film,Books,P000446,GreenLeaf Opportunity,Clothing,2,0.0001,0.0769
product,P001458,NeoTech Leader,Automotive,P001919,GreenLeaf Look,Beauty,2,0.0001,0.0769
product,P000446,GreenLeaf Opportunity,Clothing,P001358,Orion Film,Books,2,0.0001,0.0769
product,P000691,GreenLeaf Concern,Groceries,P000271,Willow Include,Pet Supplies,2,0.0001,0.0769
product,P000044,NeoTech Possible,Toys,P000079,Orion However,Pet Supplies,2,0.0001,0.0769
product,P000549,Zenith History,Books,P000909,Orion Head,Pet Supplies,2,0.0001,0.0769
product,P001517,GreenLeaf Present,Clothing,P001403,Willow At,Sports,2,0.0001,0.0769
product,P001669,Solace Media,Toys,P001717,Orion Society,Electronics,2,0.0001,0.0769
product,P000340,Zenith Life,Groceries,P000314,Everest According,Books,2,0.0001,0.0769
product,P000179,NeoTech Movement,Home & Kitchen,P001878,Pulse Computer,Home & Kitchen,2,0.0001,0.0769
product,P000340,Zenith Life,Groceries,P001736,GreenLeaf Reach,Groceries,2,0.0001,0.0769
product,P000255,NeoTech Well,Beauty,P001326,GreenLeaf Interview,Clothing,2,0.0001,0.0769
product,P000063,Pulse Eight,Groceries,P001123,NeoTech May,Groceries,2,0.0001,0.0769
product,P001460,Solace Top,Pet Supplies,P000725,Astra Into,Electronics,2,0.0001,0.0769
product,P001018,Astra Yes,Automotive,P001799,Astra Protect,Groceries,2,0.0001,0.0769
product,P001260,Willow Add,Automotive,P001372,Everest Summer,Beauty,2,0.0001,0.0769
product,P001462,Zenith Happy,Electronics,P000521,Orion Risk,Groceries,2,0.0001,0.0769
product,P001462,Zenith Happy,Electronics,P001659,Willow Group,Pet Supplies,2,0.0001,0.0769
product,P000407,Acme Improve,Toys,P001984,Willow Eye,Books,2,0.0001,0.0769
product,P000180,Orion Upon,Home & Kitchen,P001533,GreenLeaf Star,Beauty,2,0.0001,0.0769
product,P000434,NeoTech Anything,Toys,P000532,Pulse Commercial,Clothing,2,0.0001,0.0769
product,P000294,Zenith Recently,Automotive,P001450,Zenith Should,Clothing,2,0.0001,0.0769
product,P000179,NeoTech Movement,Home & Kitchen,P000815,Willow Leader,Home & Kitchen,2,0.0001,0.0769
product,P000141,Harbor Since,Automotive,P001704,NeoTech Property,Books,2,0.0001,0.0769
product,P001665,Astra Might,Toys,P000798,Solace Discover,Groceries,2,0.0001,0.0769
product,P001292,Astra Measure,Automotive,P001405,Solace Strong,Toys,2,0.0001,0.0769
product,P001806,Nimbus Focus,Pet Supplies,P000608,GreenLeaf Visit,Toys,2,0.0001,0.0741
product,P001806,Nimbus Focus,Pet Supplies,P000950,GreenLeaf Current,Automotive,2,0.0001,0.0741
product,P000950,GreenLeaf Current,Automotive,P001806,Nimbus Focus,Pet Supplies,2,0.0001,0.0741
product,P001841,Willow Local,Toys,P001104,Orion Vote,Toys,2,0.0001,0.0741
product,P001784,Everest Beautiful,Sports,P001460,Solace Top,Pet Supplies,2,0.0001,0.0741
product,P000655,Astra Strong,Beauty,P000512,Nimbus Knowledge,Sports,2,0.0001,0.0741
product,P000216,Pulse Serious,Sports,P000263,Solace Most,Groceries,2,0.0001,0.0741
product,P001801,Harbor Wrong,Sports,P001979,NeoTech Our,Electronics,2,0.0001,0.0741
product,P001801,Harbor Wrong,Sports,P001448,Harbor Onto,Electronics,2,0.0001,0.0741
product,P000555,Acme Of,Electronics,P001101,Harbor Another,Beauty,2,0.0001,0.0741
product,P001227,GreenLeaf System,Electronics,P001429,Acme Blood,Groceries,2,0.0001,0.0741
product,P000655,Astra Strong,Beauty,P000269,Zenith Clear,Pet Supplies,2,0.0001,0.0741
product,P001118,Willow Attorney,Sports,P001089,NeoTech Person,Books,2,0.0001,0.0741
product,P000560,Everest End,Toys,P001485,Pulse Lose,Electronics,2,0.0001,0.0741
product,P001275,Nimbus Bad,Toys,P000854,GreenLeaf Plan,Automotive,2,0.0001,0.0741
product,P000646,Zenith Study,Books,P000306,Everest Air,Sports,2,0.0001,0.0741
product,P001088,Everest Church,Beauty,P001978,Willow Imagine,Home & Kitchen,2,0.0001,0.0741
product,P001723,Everest To,Pet Supplies,P001354,Harbor Development,Toys,2,0.0001,0.0741
product,P001293,Zenith Without,Toys,P000006,NeoTech When,Toys,2,0.0001,0.0741
product,P001578,Pulse Sea,Pet Supplies,P000523,GreenLeaf Relate,Beauty,2,0.0001,0.0741
product,P001237,Solace Agree,Groceries,P000112,Orion Surface,Sports,2,0.0001,0.0741
product,P001326,GreenLeaf Interview,Clothing,P000255,NeoTech Well,Beauty,2,0.0001,0.0741
product,P000390,Acme Coach,Groceries,P000933,Pulse Attention,Sports,2,0.0001,0.0741
product,P001063,GreenLeaf Happen,Groceries,P000005,Astra Capital,Home & Kitchen,2,0.0001,0.0741
product,P001784,Everest Beautiful,Sports,P000924,Everest Table,Sports,2,0.0001,0.0741
product,P001192,Pulse Street,Home & Kitchen,P000028,Astra Road,Automotive,2,0.0001,0.0741
product,P000053,Willow Item,Automotive,P000514,Everest Despite,Home & Kitchen,2,0.0001,0.0741
product,P001822,Orion Race,Automotive,P001803,NeoTech Throughout,Beauty,2,0.0001,0.0741
product,P001784,Everest Beautiful,Sports,P000218,Harbor Last,Electronics,2,0.0001,0.0741
product,P000678,Zenith Whole,Toys,P000696,Solace Glass,Automotive,2,0.0001,0.0741
product,P000816,Pulse Author,Toys,P000868,Willow Eat,Beauty,2,0.0001,0.0741
product,P001801,Harbor Wrong,Sports,P000300,Astra May,Groceries,2,0.0001,0.0741
product,P000842,NeoTech Who,Home & Kitchen,P001688,Zenith Mr,Sports,2,0.0001,0.0741
product,P001034,Nimbus Imagine,Home & Kitchen,P000640,Zenith Rise,Automotive,2,0.0001,0.0741
product,P000655,Astra Strong,Beauty,P000304,Willow Site,Clothing,2,0.0001,0.0741
product,P000677,Astra Cost,Pet Supplies,P000081,Zenith Great,Toys,2,0.0001,0.0741
product,P000053,Willow Item,Automotive,P000766,Pulse Sell,Clothing,2,0.0001,0.0741
product,P001841,Willow Local,Toys,P000511,Nimbus Should,Clothing,2,0.0001,0.0741
product,P000105,Acme Lead,Sports,P000648,Astra Federal,Pet Supplies,2,0.0001,0.0741
product,P001688,Zenith Mr,Sports,P000842,NeoTech Who,Home & Kitchen,2,0.0001,0.0741
product,P001801,Harbor Wrong,Sports,P001524,Zenith Along,Pet Supplies,2,0.0001,0.0741
product,P000655,Astra Strong,Beauty,P000802,Orion Stand,Clothing,2,0.0001,0.0741
product,P000655,Astra Strong,Beauty,P000902,GreenLeaf Card,Pet Supplies,2,0.0001,0.0741
product,P000479,Astra Hospital,Pet Supplies,P001718,Acme Brother,Groceries,2,0.0001,0.0714
product,P000263,Solace Most,Groceries,P000216,Pulse Serious,Sports,2,0.0001,0.0714
product,P000084,Orion Firm,Groceries,P000740,Orion Mention,Books,2,0.0001,0.0714
product,P001315,Everest Well,Books,P000291,Nimbus Goal,Books,2,0.0001,0.0714
product,P000237,Zenith Thus,Automotive,P000976,Solace Billion,Automotive,2,0.0001,0.0714
product,P000820,Orion Get,Automotive,P001900,NeoTech Guess,Electronics,2,0.0001,0.0714
product,P000479,Astra Hospital,Pet Supplies,P001690,Solace Professional,Sports,2,0.0001,0.0714
product,P001839,Zenith Few,Sports,P000672,Pulse Yeah,Automotive,2,0.0001,0.0714
product,P000237,Zenith Thus,Automotive,P001077,Zenith Large,Clothing,2,0.0001,0.0714
product,P000218,Harbor Last,Electronics,P001784,Everest Beautiful,Sports,2,0.0001,0.0714
product,P001315,Everest Well,Books,P001469,Orion Method,Clothing,2,0.0001,0.0714
product,P001839,Zenith Few,Sports,P001239,Zenith Environmental,Groceries,2,0.0001,0.0714
product,P001524,Zenith Along,Pet Supplies,P001801,Harbor Wrong,Sports,2,0.0001,0.0714
product,P001040,Willow Court,Beauty,P000439,GreenLeaf Need,Clothing,2,0.0001,0.0714
product,P000570,Astra Where,Automotive,P000244,Everest Sell,Books,2,0.0001,0.0714
product,P000164,Astra Town,Books,P001397,Zenith Town,Electronics,2,0.0001,0.0714
product,P000164,Astra Town,Books,P000567,Orion Democrat,Home & Kitchen,2,0.0001,0.0714
product,P001022,GreenLeaf Save,Pet Supplies,P001905,GreenLeaf Race,Groceries,2,0.0001,0.0714
product,P000263,Solace Most,Groceries,P001105,Pulse A,Sports,2,0.0001,0.0714
product,P000384,Nimbus Take,Automotive,P000972,Orion Style,Beauty,2,0.0001,0.0714
product,P000587,Zenith Friend,Books,P000900,Pulse Real,Groceries,2,0.0001,0.0714
product,P001505,NeoTech Score,Clothing,P000925,Harbor Size,Books,2,0.0001,0.0714
product,P000589,Astra Next,Toys,P001484,Astra Key,Electronics,2,0.0001,0.0714
product,P001492,Nimbus Economic,Toys,P001351,GreenLeaf Billion,Pet Supplies,2,0.0001,0.0714
product,P001524,Zenith Along,Pet Supplies,P001606,GreenLeaf Stage,Electronics,2,0.0001,0.0714
product,P001294,Solace But,Toys,P001626,Nimbus Out,Groceries,2,0.0001,0.0714
product,P001796,Zenith Military,Pet Supplies,P001422,Solace News,Automotive,2,0.0001,0.069
product,P000111,GreenLeaf Bar,Clothing,P000958,Pulse Five,Sports,2,0.0001,0.069
product,P000198,Orion Face,Electronics,P001495,Acme Soldier,Clothing,2,0.0001,0.069
product,P000824,Nimbus Report,Beauty,P000035,Everest Choose,Electronics,2,0.0001,0.069
product,P001644,Acme Field,Beauty,P001691,Everest Stop,Automotive,2,0.0001,0.069
product,P001420,NeoTech Democrat,Clothing,P001354,Harbor Development,Toys,2,0.0001,0.069
product,P001401,Astra Reveal,Books,P001015,Pulse Seem,Beauty,2,0.0001,0.069
product,P000380,Solace Social,Home & Kitchen,P000303,Willow Note,Electronics,2,0.0001,0.069
product,P001842,Orion Kitchen,Books,P000714,Everest Economic,Groceries,2,0.0001,0.069
product,P000111,GreenLeaf Bar,Clothing,P000576,Zenith Air,Pet Supplies,2,0.0001,0.069
product,P001107,Zenith Fly,Pet Supplies,P001114,Pulse Start,Home & Kitchen,2,0.0001,0.069
product,P000231,Zenith Behavior,Electronics,P001865,Everest Mrs,Books,2,0.0001,0.069
product,P001009,Orion Pull,Sports,P000287,NeoTech Vote,Pet Supplies,2,0.0001,0.069
product,P000287,NeoTech Vote,Pet Supplies,P001009,Orion Pull,Sports,2,0.0001,0.069
product,P001322,GreenLeaf Mr,Beauty,P000795,GreenLeaf News,Books,2,0.0001,0.069
product,P001251,NeoTech Truth,Home & Kitchen,P000650,Everest Parent,Sports,2,0.0001,0.069
product,P001543,Nimbus Attack,Beauty,P001693,GreenLeaf Next,Books,2,0.0001,0.069
product,P001107,Zenith Fly,Pet Supplies,P001432,Nimbus Camera,Automotive,2,0.0001,0.069
product,P000649,Pulse Six,Toys,P000803,GreenLeaf Item,Electronics,2,0.0001,0.069
product,P000111,GreenLeaf Bar,Clothing,P001499,Orion Follow,Automotive,2,0.0001,0.069
product,P001036,Pulse Security,Electronics,P001224,Harbor Last,Toys,2,0.0001,0.069
product,P000621,Astra Daughter,Toys,P000965,Acme Off,Electronics,2,0.0001,0.069
product,P000649,Pulse Six,Toys,P001104,Orion Vote,Toys,2,0.0001,0.069
product,P000233,Zenith Might,Sports,P001314,Orion Response,Beauty,2,0.0001,0.069
product,P001842,Orion Kitchen,Books,P001984,Willow Eye,Books,2,0.0001,0.069
product,P001036,Pulse Security,Electronics,P001579,Willow Know,Automotive,2,0.0001,0.069
product,P000011,GreenLeaf They,Pet Supplies,P000509,NeoTech Throw,Electronics,2,0.0001,0.069
product,P001353,Orion Wrong,Automotive,P000507,Willow Beyond,Home & Kitchen,2,0.0001,0.069
product,P000247,Solace Finish,Books,P001974,Astra Animal,Automotive,2,0.0001,0.069
product,P001266,NeoTech Participant,Home & Kitchen,P000733,Nimbus Check,Beauty,2,0.0001,0.069
product,P001250,Harbor Thought,Toys,P000295,NeoTech What,Pet Supplies,2,0.0001,0.069
product,P000939,Zenith Now,Pet Supplies,P000722,NeoTech Build,Clothing,2,0.0001,0.069
product,P001107,Zenith Fly,Pet Supplies,P001204,NeoTech Plant,Automotive,2,0.0001,0.069
product,P000774,Harbor Think,Clothing,P000652,Pulse Wait,Clothing,2,0.0001,0.069
product,P001543,Nimbus Attack,Beauty,P001481,Harbor Act,Beauty,2,0.0001,0.069
product,P000621,Astra Daughter,Toys,P001117,Astra Water,Automotive,2,0.0001,0.069
product,P001645,Nimbus Much,Sports,P000716,Acme Factor,Electronics,2,0.0001,0.069
product,P001791,Acme Democratic,Groceries,P001164,GreenLeaf Rule,Clothing,2,0.0001,0.069
product,P001639,Everest Single,Clothing,P001017,Orion Late,Sports,2,0.0001,0.069
product,P001112,Willow Sing,Groceries,P000432,Harbor Develop,Pet Supplies,2,0.0001,0.0667
product,P001258,Nimbus Our,Pet Supplies,P001112,Willow Sing,Groceries,2,0.0001,0.0667
product,P000304,Willow Site,Clothing,P000929,Nimbus Learn,Beauty,2,0.0001,0.0667
product,P001112,Willow Sing,Groceries,P001533,GreenLeaf Star,Beauty,2,0.0001,0.0667
product,P000413,Solace Follow,Beauty,P001835,Everest Indicate,Pet Supplies,2,0.0001,0.0667
product,P001112,Willow Sing,Groceries,P001258,Nimbus Our,Pet Supplies,2,0.0001,0.0667
product,P000803,GreenLeaf Item,Electronics,P000649,Pulse Six,Toys,2,0.0001,0.0667
product,P001614,Solace Create,Clothing,P000599,Nimbus Analysis,Groceries,2,0.0001,0.0667
product,P000144,GreenLeaf Interview,Automotive,P001443,Pulse Scene,Books,2,0.0001,0.0667
product,P001112,Willow Sing,Groceries,P001760,Everest Fast,Toys,2,0.0001,0.0667
product,P000777,NeoTech Eye,Pet Supplies,P001933,Zenith Live,Pet Supplies,2,0.0001,0.0667
product,P000506,Harbor West,Sports,P001403,Willow At,Sports,2,0.0001,0.0667
product,P001695,Pulse Look,Groceries,P001249,GreenLeaf Even,Books,2,0.0001,0.0667
product,P000955,Solace So,Sports,P001384,Pulse Few,Clothing,2,0.0001,0.0667
product,P000777,NeoTech Eye,Pet Supplies,P001049,Zenith Their,Electronics,2,0.0001,0.0667
product,P001952,GreenLeaf Action,Beauty,P000635,Acme Provide,Books,2,0.0001,0.0667
product,P000777,NeoTech Eye,Pet Supplies,P001654,GreenLeaf Eye,Sports,2,0.0001,0.0667
product,P000074,Willow Week,Toys,P001015,Pulse Seem,Beauty,2,0.0001,0.0667
product,P000777,NeoTech Eye,Pet Supplies,P001318,Orion Skill,Beauty,2,0.0001,0.0667
product,P000497,Acme Owner,Books,P000776,Pulse Study,Clothing,2,0.0001,0.0667
product,P000960,Acme South,Groceries,P001937,Pulse Reveal,Beauty,2,0.0001,0.0667
product,P000102,Pulse Surface,Groceries,P001657,Solace Table,Groceries,2,0.0001,0.0667
product,P001965,Orion Child,Pet Supplies,P001835,Everest Indicate,Pet Supplies,2,0.0001,0.0667
product,P000304,Willow Site,Clothing,P000655,Astra Strong,Beauty,2,0.0001,0.0667
product,P000497,Acme Owner,Books,P000814,Solace Song,Electronics,2,0.0001,0.0667
product,P000035,Everest Choose,Electronics,P000824,Nimbus Report,Beauty,2,0.0001,0.0667
product,P000731,Pulse Treat,Electronics,P001658,Harbor Agree,Clothing,2,0.0001,0.0645
product,P001225,Orion Begin,Automotive,P001167,Everest Stock,Sports,2,0.0001,0.0645
product,P000507,Willow Beyond,Home & Kitchen,P000706,Solace Situation,Home & Kitchen,2,0.0001,0.0645
product,P000507,Willow Beyond,Home & Kitchen,P001353,Orion Wrong,Automotive,2,0.0001,0.0645
product,P000758,NeoTech Guess,Automotive,P000784,Harbor Bar,Toys,2,0.0001,0.0645
product,P000006,NeoTech When,Toys,P001293,Zenith Without,Toys,2,0.0001,0.0645
product,P000395,Harbor Opportunity,Books,P000234,NeoTech Fear,Electronics,2,0.0001,0.0645
product,P001554,Astra Such,Pet Supplies,P001908,Nimbus Whose,Clothing,2,0.0001,0.0645
product,P000731,Pulse Treat,Electronics,P000609,Zenith Nation,Books,2,0.0001,0.0645
product,P001511,GreenLeaf Push,Books,P001256,Astra Who,Books,2,0.0001,0.0645
product,P000784,Harbor Bar,Toys,P000758,NeoTech Guess,Automotive,2,0.0001,0.0645
product,P001002,Harbor Night,Clothing,P001026,Harbor Hospital,Clothing,2,0.0001,0.0645
product,P001002,Harbor Night,Clothing,P000406,NeoTech Provide,Sports,2,0.0001,0.0645
product,P000512,Nimbus Knowledge,Sports,P000041,Harbor Recent,Books,2,0.0001,0.0645
product,P001257,Nimbus Small,Automotive,P001664,Willow Her,Toys,2,0.0001,0.0645
product,P001773,Orion Event,Groceries,P000119,Pulse Order,Clothing,2,0.0001,0.0645
product,P000540,Zenith Foreign,Automotive,P000007,Zenith School,Toys,2,0.0001,0.0645
product,P000512,Nimbus Knowledge,Sports,P000655,Astra Strong,Beauty,2,0.0001,0.0645
product,P000540,Zenith Foreign,Automotive,P001698,GreenLeaf Day,Clothing,2,0.0001,0.0645
product,P001329,Willow Mean,Sports,P000834,Zenith Need,Electronics,2,0.0001,0.0645
product,P000540,Zenith Foreign,Automotive,P001110,Zenith Again,Toys,2,0.0001,0.0645
product,P001156,Harbor Hear,Books,P000067,Acme Their,Books,2,0.0001,0.0645
product,P001329,Willow Mean,Sports,P000740,Orion Mention,Books,2,0.0001,0.0645
product,P001760,Everest Fast,Toys,P000729,Orion View,Clothing,2,0.0001,0.0625
product,P000832,NeoTech Able,Groceries,P001387,Harbor Success,Sports,2,0.0001,0.0625
product,P000740,Orion Mention,Books,P000084,Orion Firm,Groceries,2,0.0001,0.0625
product,P001984,Willow Eye,Books,P001842,Orion Kitchen,Books,2,0.0001,0.0625
product,P001165,Willow Never,Groceries,P000177,Astra Visit,Beauty,2,0.0001,0.0625
product,P001760,Everest Fast,Toys,P000227,Solace Risk,Home & Kitchen,2,0.0001,0.0625
product,P000767,Everest Family,Automotive,P001702,Pulse Set,Beauty,2,0.0001,0.0625
product,P001387,Harbor Success,Sports,P000197,Astra Brother,Pet Supplies,2,0.0001,0.0625
product,P001794,Willow Treatment,Automotive,P000902,GreenLeaf Card,Pet Supplies,2,0.0001,0.0625
product,P001984,Willow Eye,Books,P001183,Nimbus Word,Electronics,2,0.0001,0.0625
product,P001760,Everest Fast,Toys,P001112,Willow Sing,Groceries,2,0.0001,0.0625
product,P001165,Willow Never,Groceries,P001989,GreenLeaf Major,Books,2,0.0001,0.0625
product,P000740,Orion Mention,Books,P001329,Willow Mean,Sports,2,0.0001,0.0625
product,P001984,Willow Eye,Books,P000407,Acme Improve,Toys,2,0.0001,0.0625
product,P001883,Pulse Still,Pet Supplies,P001085,Harbor Avoid,Groceries,2,0.0001,0.0625
product,P001883,Pulse Still,Pet Supplies,P001364,Acme Modern,Books,2,0.0001,0.0625
product,P001883,Pulse Still,Pet Supplies,P001976,Orion Size,Beauty,2,0.0001,0.0625
product,P001387,Harbor Success,Sports,P000832,NeoTech Able,Groceries,2,0.0001,0.0625
product,P001989,GreenLeaf Major,Books,P001951,Willow Perform,Pet Supplies,2,0.0001,0.0606
product,P001989,GreenLeaf Major,Books,P001165,Willow Never,Groceries,2,0.0001,0.0606
product,P000244,Everest Sell,Books,P000570,Astra Where,Automotive,2,0.0001,0.0606
product,P000433,NeoTech Ask,Pet Supplies,P000903,Pulse Paper,Toys,2,0.0001,0.0606
product,P000650,Everest Parent,Sports,P001251,NeoTech Truth,Home & Kitchen,2,0.0001,0.0606
product,P000244,Everest Sell,Books,P001162,Zenith Price,Books,2,0.0001,0.0606
product,P000509,NeoTech Throw,Electronics,P000011,GreenLeaf They,Pet Supplies,2,0.0001,0.0606
product,P000133,Solace Team,Pet Supplies,P000377,GreenLeaf Eat,Toys,2,0.0001,0.0606
product,P000248,Solace Street,Beauty,P001828,Willow Cost,Books,2,0.0001,0.0606
product,P000046,Pulse Project,Pet Supplies,P000791,Pulse Piece,Books,2,0.0001,0.0606
product,P000509,NeoTech Throw,Electronics,P001600,Harbor Significant,Sports,2,0.0001,0.0606
product,P001654,GreenLeaf Eye,Sports,P000798,Solace Discover,Groceries,2,0.0001,0.0606
product,P001654,GreenLeaf Eye,Sports,P000777,NeoTech Eye,Pet Supplies,2,0.0001,0.0606
product,P001654,GreenLeaf Eye,Sports,P000791,Pulse Piece,Books,2,0.0001,0.0606
product,P001989,GreenLeaf Major,Books,P000898,Zenith Although,Sports,2,0.0001,0.0606
product,P001466,Orion Fund,Beauty,P000628,Astra Small,Electronics,2,0.0001,0.0606
product,P000133,Solace Team,Pet Supplies,P000054,GreenLeaf Hair,Automotive,2,0.0001,0.0606
product,P000515,Zenith Treatment,Toys,P000728,Solace Around,Beauty,2,0.0001,0.0606
product,P001499,Orion Follow,Automotive,P000111,GreenLeaf Bar,Clothing,2,0.0001,0.0606
product,P001772,Acme Then,Clothing,P001109,Acme So,Toys,2,0.0001,0.0588
product,P001488,Zenith Like,Books,P001337,NeoTech Occur,Toys,2,0.0001,0.0588
product,P000152,Zenith Soon,Sports,P001217,Everest Really,Beauty,2,0.0001,0.0588
product,P000760,Zenith North,Beauty,P001193,Zenith Team,Pet Supplies,2,0.0001,0.0588
product,P000760,Zenith North,Beauty,P000272,Nimbus Process,Electronics,2,0.0001,0.0588
product,P001772,Acme Then,Clothing,P001992,Astra Particularly,Electronics,2,0.0001,0.0588
product,P001239,Zenith Environmental,Groceries,P001839,Zenith Few,Sports,2,0.0001,0.0571
product,P000902,GreenLeaf Card,Pet Supplies,P000729,Orion View,Clothing,2,0.0001,0.0571
product,P001354,Harbor Development,Toys,P001420,NeoTech Democrat,Clothing,2,0.0001,0.0571
product,P000007,Zenith School,Toys,P000540,Zenith Foreign,Automotive,2,0.0001,0.0571
product,P000902,GreenLeaf Card,Pet Supplies,P001794,Willow Treatment,Automotive,2,0.0001,0.0571
product,P000007,Zenith School,Toys,P001437,Solace Hundred,Pet Supplies,2,0.0001,0.0571
product,P000902,GreenLeaf Card,Pet Supplies,P000655,Astra Strong,Beauty,2,0.0001,0.0571
product,P001354,Harbor Development,Toys,P001723,Everest To,Pet Supplies,2,0.0001,0.0571
product,P001164,GreenLeaf Rule,Clothing,P001791,Acme Democratic,Groceries,2,0.0001,0.0556
product,P000762,Everest Response,Clothing,P001884,Everest Type,Groceries,2,0.0001,0.0541
